Workbook

Sheet 320(10000)
A1: matrix_size | B1: exponent | C1: field_size | D1: computation_time_ns
A2: 320 | B2: 1000000 | C2: 1048576 | D2: 69298650200
A3: 320 | B3: 1000000 | C3: 1048576 | D3: 69062564500
A4: 320 | B4: 1000000 | C4: 1048576 | D4: 69277329900
A5: 320 | B5: 1000000 | C5: 1048576 | D5: 69247664900
A6: 320 | B6: 1000000 | C6: 1048576 | D6: 69439962000
A7: 320 | B7: 1000000 | C7: 1048576 | D7: 68888428400
A8: 320 | B8: 1000000 | C8: 1048576 | D8: 69329476400
A9: 320 | B9: 1000000 | C9: 1048576 | D9: 69251973000
A10: 320 | B10: 1000000 | C10: 1048576 | D10: 69111582300
A11: 320 | B11: 1000000 | C11: 1048576 | D11: 69002851500
A12: 320 | B12: 1000000 | C12: 1048576 | D12: 68981478800
A13: 320 | B13: 1000000 | C13: 1048576 | D13: 68967164800
... A201: 320 | B201: 1000000 | C201: 1048576 | D201: 68533813900

Sheet 160(10000)
A1: matrix_size | B1: exponent | C1: field_size | D1: computation_time_ns
A2: 160 | B2: 1000000 | C2: 1048576 | D2: 8598395200
A3: 160 | B3: 1000000 | C3: 1048576 | D3: 8594013100
A4: 160 | B4: 1000000 | C4: 1048576 | D4: 8886916700
A5: 160 | B5: 1000000 | C5: 1048576 | D5: 8974140400
A6: 160 | B6: 1000000 | C6: 1048576 | D6: 8630367900
A7: 160 | B7: 1000000 | C7: 1048576 | D7: 8668312600
A8: 160 | B8: 1000000 | C8: 1048576 | D8: 8639411100
A9: 160 | B9: 1000000 | C9: 1048576 | D9: 8662449500
A10: 160 | B10: 1000000 | C10: 1048576 | D10: 8666439400
A11: 160 | B11: 1000000 | C11: 1048576 | D11: 8635822400
A12: 160 | B12: 1000000 | C12: 1048576 | D12: 8686062200
A13: 160 | B13: 1000000 | C13: 1048576 | D13: 8629183500
... A201: 160 | B201: 1000000 | C201: 1048576 | D201: 8675092100

Sheet 80(10000)
A1: matrix_size | B1: exponent | C1: field_size | D1: computation_time_ns
A2: 80 | B2: 1000000 | C2: 1048576 | D2: 1056291600
A3: 80 | B3: 1000000 | C3: 1048576 | D3: 1056774000
A4: 80 | B4: 1000000 | C4: 1048576 | D4: 1059975700
A5: 80 | B5: 1000000 | C5: 1048576 | D5: 1062087400
A6: 80 | B6: 1000000 | C6: 1048576 | D6: 1058194800
A7: 80 | B7: 1000000 | C7: 1048576 | D7: 1055268500
A8: 80 | B8: 1000000 | C8: 1048576 | D8: 1083218300
A9: 80 | B9: 1000000 | C9: 1048576 | D9: 1053409000
A10: 80 | B10: 1000000 | C10: 1048576 | D10: 1052317700
A11: 80 | B11: 1000000 | C11: 1048576 | D11: 1051912300
A12: 80 | B12: 1000000 | C12: 1048576 | D12: 1052370500
A13: 80 | B13: 1000000 | C13: 1048576 | D13: 1059031200
... A201: 80 | B201: 1000000 | C201: 1048576 | D201: 1055460200

Sheet 40(10000)
A1: matrix_size | B1: exponent | C1: field_size | D1: computation_time_ns
A2: 40 | B2: 1000000 | C2: 1048576 | D2: 122882700
A3: 40 | B3: 1000000 | C3: 1048576 | D3: 122278700
A4: 40 | B4: 1000000 | C4: 1048576 | D4: 123604600
A5: 40 | B5: 1000000 | C5: 1048576 | D5: 123483100
A6: 40 | B6: 1000000 | C6: 1048576 | D6: 122404800
A7: 40 | B7: 1000000 | C7: 1048576 | D7: 121558700
A8: 40 | B8: 1000000 | C8: 1048576 | D8: 123349900
A9: 40 | B9: 1000000 | C9: 1048576 | D9: 122646200
A10: 40 | B10: 1000000 | C10: 1048576 | D10: 123410900
A11: 40 | B11: 1000000 | C11: 1048576 | D11: 124563900
A12: 40 | B12: 1000000 | C12: 1048576 | D12: 121376400
A13: 40 | B13: 1000000 | C13: 1048576 | D13: 122281800
... A201: 40 | B201: 1000000 | C201: 1048576 | D201: 124201500

Sheet 20(10000)
A1: matrix_size | B1: exponent | C1: field_size | D1: computation_time_ns
A2: 20 | B2: 1000000 | C2: 1048576 | D2: 15335600
A3: 20 | B3: 1000000 | C3: 1048576 | D3: 15349900
A4: 20 | B4: 1000000 | C4: 1048576 | D4: 15563800
A5: 20 | B5: 1000000 | C5: 1048576 | D5: 15568900
A6: 20 | B6: 1000000 | C6: 1048576 | D6: 15451200
A7: 20 | B7: 1000000 | C7: 1048576 | D7: 15457200
A8: 20 | B8: 1000000 | C8: 1048576 | D8: 15577800
A9: 20 | B9: 1000000 | C9: 1048576 | D9: 15386900
A10: 20 | B10: 1000000 | C10: 1048576 | D10: 15407700
A11: 20 | B11: 1000000 | C11: 1048576 | D11: 15284800
A12: 20 | B12: 1000000 | C12: 1048576 | D12: 15638100
A13: 20 | B13: 1000000 | C13: 1048576 | D13: 15262600
... A201: 20 | B201: 1000000 | C201: 1048576 | D201: 15508200

Sheet 10(10000)
A1: matrix_size | B1: exponent | C1: field_size | D1: computation_time_ns
A2: 10 | B2: 1000000 | C2: 1048576 | D2: 1971300
A3: 10 | B3: 1000000 | C3: 1048576 | D3: 1927300
A4: 10 | B4: 1000000 | C4: 1048576 | D4: 1987000
A5: 10 | B5: 1000000 | C5: 1048576 | D5: 1947000
A6: 10 | B6: 1000000 | C6: 1048576 | D6: 2017200
A7: 10 | B7: 1000000 | C7: 1048576 | D7: 1946600
A8: 10 | B8: 1000000 | C8: 1048576 | D8: 1949100
A9: 10 | B9: 1000000 | C9: 1048576 | D9: 2007300
A10: 10 | B10: 1000000 | C10: 1048576 | D10: 2049800
A11: 10 | B11: 1000000 | C11: 1048576 | D11: 1998100
A12: 10 | B12: 1000000 | C12: 1048576 | D12: 2227500
A13: 10 | B13: 1000000 | C13: 1048576 | D13: 1959800
... A201: 10 | B201: 1000000 | C201: 1048576 | D201: 1997700

Sheet 7(64)
A1: matrix_size | B1: exponent | C1: field_size | D1: computation_time_ns | E1: computation_time_s
A2: 64 | B2: 9436797 | C2: 1048576 | D2: 849124400 | E2: 0.8491244
A3: 64 | B3: 7814878 | C3: 1048576 | D3: 803725700 | E3: 0.8037257
A4: 64 | B4: 6061407 | C4: 1048576 | D4: 786175200 | E4: 0.7861752
A5: 64 | B5: 8228723 | C5: 1048576 | D5: 776605800 | E5: 0.7766058
A6: 64 | B6: 7853852 | C6: 1048576 | D6: 765998700 | E6: 0.7659987
A7: 64 | B7: 3730423 | C7: 1048576 | D7: 764644900 | E7: 0.7646449
A8: 64 | B8: 3659903 | C8: 1048576 | D8: 763454700 | E8: 0.7634547
A9: 64 | B9: 6117235 | C9: 1048576 | D9: 762491900 | E9: 0.7624919
A10: 64 | B10: 9615135 | C10: 1048576 | D10: 759397900 | E10: 0.7593979
A11: 64 | B11: 7557063 | C11: 1048576 | D11: 754742000 | E11: 0.754742
A12: 64 | B12: 3912666 | C12: 1048576 | D12: 750760000 | E12: 0.75076
A13: 64 | B13: 8199373 | C13: 1048576 | D13: 746518900 | E13: 0.7465189
... A101: 64 | B101: 3213318 | C101: 1048576 | D101: 553555600 | E101: 0.5535556

Sheet 6(64)
A1: matrix_size | B1: exponent | C1: field_size | D1: computation_time_ns | E1: computation_time_s
A2: 64 | B2: 998999 | C2: 1048576 | D2: 683502900 | E2: 0.6835029
A3: 64 | B3: 940541 | C3: 1048576 | D3: 680871200 | E3: 0.6808712
A4: 64 | B4: 633791 | C4: 1048576 | D4: 680586900 | E4: 0.6805869
A5: 64 | B5: 487263 | C5: 1048576 | D5: 677895000 | E5: 0.677895
A6: 64 | B6: 845299 | C6: 1048576 | D6: 667014400 | E6: 0.6670144
A7: 64 | B7: 716536 | C7: 1048576 | D7: 660706800 | E7: 0.6607068
A8: 64 | B8: 952062 | C8: 1048576 | D8: 660460800 | E8: 0.6604608
A9: 64 | B9: 516003 | C9: 1048576 | D9: 660386800 | E9: 0.6603868
A10: 64 | B10: 949370 | C10: 1048576 | D10: 659487900 | E10: 0.6594879
A11: 64 | B11: 844703 | C11: 1048576 | D11: 657284100 | E11: 0.6572841
A12: 64 | B12: 972658 | C12: 1048576 | D12: 654355900 | E12: 0.6543559
A13: 64 | B13: 512998 | C13: 1048576 | D13: 645222800 | E13: 0.6452228
... A101: 64 | B101: 328704 | C101: 1048576 | D101: 435994200 | E101: 0.4359942

Sheet 5(64)
A1: matrix_size | B1: exponent | C1: field_size | D1: computation_time_ns | E1: computation_time_s
A2: 64 | B2: 98046 | C2: 1048576 | D2: 617166200 | E2: 0.6171662
A3: 64 | B3: 32765 | C3: 1048576 | D3: 575547200 | E3: 0.5755472
A4: 64 | B4: 92137 | C4: 1048576 | D4: 560971300 | E4: 0.5609713
A5: 64 | B5: 93863 | C5: 1048576 | D5: 557211600 | E5: 0.5572116
A6: 64 | B6: 59311 | C6: 1048576 | D6: 556903400 | E6: 0.5569034
A7: 64 | B7: 96178 | C7: 1048576 | D7: 556444300 | E7: 0.5564443
A8: 64 | B8: 73023 | C8: 1048576 | D8: 555025600 | E8: 0.5550256
A9: 64 | B9: 62451 | C9: 1048576 | D9: 553904500 | E9: 0.5539045
A10: 64 | B10: 90096 | C10: 1048576 | D10: 553678700 | E10: 0.5536787
A11: 64 | B11: 40701 | C11: 1048576 | D11: 552737100 | E11: 0.5527371
A12: 64 | B12: 46587 | C12: 1048576 | D12: 551989400 | E12: 0.5519894
A13: 64 | B13: 54718 | C13: 1048576 | D13: 540745100 | E13: 0.5407451
... A101: 64 | B101: 25345 | C101: 1048576 | D101: 388554900 | E101: 0.3885549

Sheet 4(64)
A1: matrix_size | B1: exponent | C1: field_size | D1: computation_time_ns | E1: computation_time_s
A2: 64 | B2: 7647 | C2: 1048576 | D2: 473611200 | E2: 0.4736112
A3: 64 | B3: 7039 | C3: 1048576 | D3: 472300300 | E3: 0.4723003
A4: 64 | B4: 9967 | C4: 1048576 | D4: 471790400 | E4: 0.4717904
A5: 64 | B5: 8151 | C5: 1048576 | D5: 469917500 | E5: 0.4699175
A6: 64 | B6: 9978 | C6: 1048576 | D6: 456883100 | E6: 0.4568831
A7: 64 | B7: 7661 | C7: 1048576 | D7: 454356700 | E7: 0.4543567
A8: 64 | B8: 6109 | C8: 1048576 | D8: 450872400 | E8: 0.4508724
A9: 64 | B9: 9974 | C9: 1048576 | D9: 450437700 | E9: 0.4504377
A10: 64 | B10: 9941 | C10: 1048576 | D10: 435757600 | E10: 0.4357576
A11: 64 | B11: 5947 | C11: 1048576 | D11: 434497900 | E11: 0.4344979
A12: 64 | B12: 9190 | C12: 1048576 | D12: 431754800 | E12: 0.4317548
A13: 64 | B13: 9615 | C13: 1048576 | D13: 431324100 | E13: 0.4313241
... A101: 64 | B101: 2050 | C101: 1048576 | D101: 267616300 | E101: 0.2676163

Sheet 3(64)
A1: matrix_size | B1: exponent | C1: field_size | D1: computation_time_ns | E1: computation_time_s
A2: 64 | B2: 959 | C2: 1048576 | D2: 372460100 | E2: 0.3724601
A3: 64 | B3: 765 | C3: 1048576 | D3: 358748300 | E3: 0.3587483
A4: 64 | B4: 971 | C4: 1048576 | D4: 358578500 | E4: 0.3585785
A5: 64 | B5: 891 | C5: 1048576 | D5: 349667800 | E5: 0.3496678
A6: 64 | B6: 749 | C6: 1048576 | D6: 333297900 | E6: 0.3332979
A7: 64 | B7: 495 | C7: 1048576 | D7: 330979000 | E7: 0.330979
A8: 64 | B8: 892 | C8: 1048576 | D8: 330553200 | E8: 0.3305532
A9: 64 | B9: 971 | C9: 1048576 | D9: 330548100 | E9: 0.3305481
A10: 64 | B10: 974 | C10: 1048576 | D10: 329974800 | E10: 0.3299748
A11: 64 | B11: 847 | C11: 1048576 | D11: 329926200 | E11: 0.3299262
A12: 64 | B12: 383 | C12: 1048576 | D12: 329763400 | E12: 0.3297634
A13: 64 | B13: 799 | C13: 1048576 | D13: 329585400 | E13: 0.3295854
... A101: 64 | B101: 128 | C101: 1048576 | D101: 165557200 | E101: 0.1655572

Sheet 2(64)
A1: matrix_size | B1: exponent | C1: field_size | D1: computation_time_ns | E1: computation_time_s
A2: 64 | B2: 63 | C2: 1048576 | D2: 227680900 | E2: 0.2276809
A3: 64 | B3: 91 | C3: 1048576 | D3: 227670900 | E3: 0.2276709
A4: 64 | B4: 94 | C4: 1048576 | D4: 225071300 | E4: 0.2250713
A5: 64 | B5: 90 | C5: 1048576 | D5: 216681400 | E5: 0.2166814
A6: 64 | B6: 85 | C6: 1048576 | D6: 211893900 | E6: 0.2118939
A7: 64 | B7: 71 | C7: 1048576 | D7: 210570100 | E7: 0.2105701
A8: 64 | B8: 99 | C8: 1048576 | D8: 208821100 | E8: 0.2088211
A9: 64 | B9: 86 | C9: 1048576 | D9: 208537400 | E9: 0.2085374
A10: 64 | B10: 85 | C10: 1048576 | D10: 208435700 | E10: 0.2084357
A11: 64 | B11: 59 | C11: 1048576 | D11: 207966000 | E11: 0.207966
A12: 64 | B12: 59 | C12: 1048576 | D12: 207775000 | E12: 0.207775
A13: 64 | B13: 83 | C13: 1048576 | D13: 207479600 | E13: 0.2074796
... A101: 64 | B101: 16 | C101: 1048576 | D101: 102478600 | E101: 0.1024786

Sheet среднее значение
A1: t_1(2) | B1: =AVERAGE('2(64)'!E:E) -> 0.17382433 | C1: =B1*1000000000 -> 173824326 | E1: t_2/t_1 | F1: =B2/B1 -> 1.6189513
A2: t_2(3) | B2: =AVERAGE('3(64)'!E:E) -> 0.28141312 | C2: =B2*1000000000 -> 2.8141312e+08 | E2: t_3/t_2 | F2: =B3/B2 -> 1.3535216
A3: t_3(4) | B3: =AVERAGE('4(64)'!E:E) -> 0.38089874 | C3: =B3*1000000000 -> 3.8089874e+08 | E3: t_4/t_3 | F3: =B4/B3 -> 1.2689614
A4: t_4(5) | B4: =AVERAGE('5(64)'!E:E) -> 0.4833458 | C4: =B4*1000000000 -> 4.833458e+08 | E4: t_5/t_4 | F4: =B5/B4 -> 1.1891657
A5: t_5(6) | B5: =AVERAGE('6(64)'!E:E) -> 0.57477826 | C5: =B5*1000000000 -> 5.7477826e+08 | E5: t_6/t_5 | F5: =B6/B5 -> 1.1949537
A6: t_6(7) | B6: =AVERAGE('7(64)'!E:E) -> 0.68683341 | C6: =B6*1000000000 -> 686833406 | E6: t_7/t_6 | F6: =B14/B13 -> 1.1428405
E7: t_8/t_7 | F7: =B15/B14 -> 1.1291303
A8: t_1(2) | B8: 0.17382433 | E8: t_9/t_8 | F8: =B16/B15 -> 1.1143626
A9: t_2(3) | B9: 0.28141312 | E9: t_10/t_9 | F9: =B17/B16 -> 1.102626
A10: t_3(4) | B10: 0.38089874 | E10: t_11/t_10 | F10: =B18/B17 -> 1.0930742
A11: t_4(5) | B11: 0.4833458 | E11: t_12/t_11 | F11: =B19/B18 -> 1.085149
A12: t_5(6) | B12: 0.57477826 | E12: t_13/t_12 | F12: =B20/B19 -> 1.0784676
A13: t_6(7) | B13: 0.68683341 | E13: t_14/t_13 | F13: =B21/B20 -> 1.0727584
A14: t_7(8) | B14: 0.78494106 | E14: t_15/t_14 | F14: =B22/B21 -> 1.0678237
A15: t_8(9) | B15: 0.88630071 | E15: t_16/t_15 | F15: =B23/B22 -> 1.0635158
A16: t_9(10) | B16: 0.98766037 | E16: t_17/t_16 | F16: =B24/B23 -> 1.0597225
A17: t_10(11) | B17: 1.08902 | E17: t_18/t_17 | F17: =B25/B24 -> 1.0563567
A18: t_11(12) | B18: 1.1903797 | E18: t_19/t_18 | F18: =B26/B25 -> 1.0533501
A19: t_12(13) | B19: 1.2917393 | E19: t_20/t_19 | F19: =B27/B26 -> 1.050648
... A29: t_22(23) | B29: 2.3053359 | E29: t_30/t_29 | F29: =B37/B36 -> 1.0336201
A30: t_23(24) | B30: 2.4066955
A31: t_24(25) | B31: 2.5080552
A32: t_25(26) | B32: 2.6094148
A33: t_26(27) | B33: 2.7107745
A34: t_27(28) | B34: 2.8121341
A35: t_28(29) | B35: 2.9134938
A36: t_29(30) | B36: 3.0148534
A37: t_30(31) | B37: 3.1162131

Sheet 1
A1: matrix_size | B1: exponent | C1: field_size | D1: computation_time_ns | E1: computation_time_s
A2: 64 | B2: 11 | C2: 1048576 | D2: 123629300 | E2: 0.1236293
A3: 64 | B3: 14 | C3: 1048576 | D3: 122656800 | E3: 0.1226568
A4: 64 | B4: 20 | C4: 1048576 | D4: 123567900 | E4: 0.1235679
A5: 64 | B5: 13 | C5: 1048576 | D5: 124302500 | E5: 0.1243025
A6: 64 | B6: 20 | C6: 1048576 | D6: 124169000 | E6: 0.124169
A7: 64 | B7: 19 | C7: 1048576 | D7: 144239600 | E7: 0.1442396
A8: 64 | B8: 18 | C8: 1048576 | D8: 124498500 | E8: 0.1244985
A9: 64 | B9: 18 | C9: 1048576 | D9: 125428800 | E9: 0.1254288
A10: 64 | B10: 18 | C10: 1048576 | D10: 124672900 | E10: 0.1246729
A11: 64 | B11: 11 | C11: 1048576 | D11: 123256900 | E11: 0.1232569

Sheet 2
A1: matrix_size | B1: exponent | C1: field_size | D1: computation_time_ns | E1: computation_time_s
A2: 64 | B2: 114 | C2: 1048576 | D2: 205021500 | E2: 0.2050215
A3: 64 | B3: 106 | C3: 1048576 | D3: 206419100 | E3: 0.2064191
A4: 64 | B4: 113 | C4: 1048576 | D4: 206304200 | E4: 0.2063042
A5: 64 | B5: 108 | C5: 1048576 | D5: 209446400 | E5: 0.2094464
A6: 64 | B6: 105 | C6: 1048576 | D6: 208097400 | E6: 0.2080974
A7: 64 | B7: 111 | C7: 1048576 | D7: 246864500 | E7: 0.2468645
A8: 64 | B8: 103 | C8: 1048576 | D8: 227527900 | E8: 0.2275279
A9: 64 | B9: 111 | C9: 1048576 | D9: 246708400 | E9: 0.2467084
A10: 64 | B10: 100 | C10: 1048576 | D10: 185569200 | E10: 0.1855692
A11: 64 | B11: 118 | C11: 1048576 | D11: 226341800 | E11: 0.2263418
